Age,Sleep Duration,Quality of Sleep,Physical Activity Level,Stress Level,Heart Rate,Daily Steps,systolic,diastolic,Gender_Female,Gender_Male,Occupation_Accountant,Occupation_Doctor,Occupation_Engineer,Occupation_Lawyer,Occupation_Manager,Occupation_Nurse,Occupation_Sales Representative,Occupation_Salesperson,Occupation_Scientist,Occupation_Software Engineer,Occupation_Teacher,BMI Category_Normal,BMI Category_Obese,BMI Category_Overweight
-0.03931334408102652,-0.1613604515248064,-0.2118233453028299,-0.01381997781524573,0.14164442632257915,-0.15399053312188574,-0.00031369072043667564,0.04017929891610896,0.1381388669245411,-0.03423524228838121,0.029490378610264503,0.01653041393685299,-0.034436693703427584,-0.04627127025628806,-0.009943844264594538,-0.0012740605200502672,-0.029890283514358826,-0.002912124597060542,0.07257828551696592,-0.004271642100222989,-0.0018963105708895388,0.0370426663956696,-0.10767214859159366,0.0007007187387627653,0.10222656617500174
0.05549886127063696,-0.17690908807176145,-0.23871844330610936,0.06180938019803294,0.14734799370577498,-0.0068940483548348775,-0.0005318332832863588,-0.14099707061653438,0.2098988226566641,0.06498298999307893,-0.07623101903684171,-0.020468072334235927,-0.017020027487339724,-0.04925345764727565,-0.023123532677986613,-0.0010360697148874087,0.09473080148062918,0.00536759173763024,-0.008508092538286546,0.004583983304591196,-0.000573812441323198,0.0040526592745650045,-0.09128164434401836,0.008518144948590895,0.07151547035154755
-0.016185517189940705,0.33826953959604583,0.45054178861052213,-0.04798940238173172,-0.2889924200278667,0.1608845814772341,0.0008455240036434988,0.10081777169939529,-0.34803768958144715,-0.0307477477043367,0.04674064042671399,0.003937658397307036,0.05145672119091453,0.09552472790332896,0.03306737694278373,0.0023101302349251454,-0.06484051796554595,-0.0024554671405570684,-0.06407019297836797,-0.0003123412043550762,0.0024701230122102804,-0.04109532567000535,0.19895379293693036,-0.009218863687314244,-0.17374203652610878
